language,created_at,updated_at,checksum,language_support_type,game,id
7,1688675520,1688676906,a17ab06c-a53e-fe6b-2fe4-824ff1418689,3,255750,722061
3,1688675441,1688676874,770e8920-507f-c48c-21a0-03132655eba4,3,255749,722060
2,1688675441,1688676874,2e8e4ded-471a-d7cf-c3a2-ce1d37858ec0,3,255749,722059
16,1688675441,1688676874,3f09f7b6-4419-dfe2-8580-9c973f67e4ef,3,255749,722058
7,1688675441,1688676873,7bc78d74-41b0-66a5-465d-04080fb94e88,3,255749,722057
17,1688675441,1688676873,751ac9ec-7f64-c572-1cd2-1e656f0f9831,3,255749,722056
16,1688675369,1688676801,4381d505-4d4c-c47c-4615-5d84d40f96e3,3,255507,722055
16,1688675153,1688675395,22b79068-bdf5-f567-2334-0c3bc18039fb,3,195631,722054
7,1688586152,1688674439,cbc4e6d1-9ac0-97cd-9d36-79d7c8420e3d,1,239381,721678
9,1688586152,1688674439,0e6357bd-23f6-e37f-13b4-1b4edeb55033,3,239381,721677
21,1688586152,1688674439,9f898d2e-3314-2523-b470-e53c75b906ea,3,239381,721676
17,1688586152,1688674439,4ba57244-b271-7399-c4cd-7e3c76e37c80,3,239381,721675
16,1688586152,1688674439,3f1ed079-085e-fa89-4380-b29042516f43,3,239381,721674
15,1688586152,1688674439,17fc15cd-d156-2d64-66c4-e6a27241061f,3,239381,721673
27,1688586152,1688674439,14e6cbda-6e9e-e890-19c7-c53e2be8f28d,3,239381,721672
12,1688586152,1688674439,f3ff2b61-eca8-1f85-2437-03012bea41ac,3,239381,721671
7,1688586152,1688674439,585cea92-e3d9-fc47-410e-85e9d68f7150,3,239381,721670
13,1688586659,1688674436,4d95c8d2-7814-3719-b77d-47fa828aabeb,3,253424,721706
26,1688586659,1688674436,94e96e3f-5dd1-9573-26da-19b8e807ef13,3,253424,721705
28,1688586659,1688674436,9fdea288-683a-3c1e-a7c9-c7479926478a,3,253424,721704
24,1688586659,1688674436,1d1402c2-35bf-4c52-b81f-9e41f979d9d2,3,253424,721703
3,1688586659,1688674436,13714eb3-4135-bfc7-a7cb-e8c8ecd0d708,3,253424,721702
25,1688586659,1688674436,1d1e5a03-82fb-7838-7096-c9daaef2ce04,3,253424,721701
23,1688586659,1688674436,a227fd8d-b424-0adc-6da4-23790ece1b5c,3,253424,721700
2,1688586659,1688674436,4c8f470a-d662-b3fd-e3a2-de81950356dc,3,253424,721699
22,1688586659,1688674436,56988834-0212-f0a2-a382-dd4db9bbed1b,3,253424,721698
20,1688586658,1688674436,1eabd46b-fe45-c7f4-308b-b94da1338b82,3,253424,721697
21,1688586658,1688674436,e15ca97e-9d3b-3b2f-d3f8-1bdceb681e92,3,253424,721696
19,1688586658,1688674436,c85725c0-5ec1-7b85-22f8-0ab23eb6be93,3,253424,721695
18,1688586658,1688674436,94e1c274-d384-2957-ca1a-66f1e1b26349,3,253424,721694
17,1688586658,1688674436,57808b20-374d-3cbf-4678-c700425a5b8f,3,253424,721693
16,1688586658,1688674436,12fcd81c-a092-95ba-9fa8-5cb81fb6cb2f,3,253424,721692
14,1688586658,1688674436,9e776b57-a37b-9f90-3c98-3681e0ad9fe4,3,253424,721691
11,1688586658,1688674436,fafe3567-fcd9-4a1b-ede7-f68b680efe1b,3,253424,721690
6,1688586658,1688674436,474985b0-0cbb-62a7-d708-f9413f9a15c8,3,253424,721689
5,1688586658,1688674436,dd7a6012-0341-5b4f-080b-6b7eea63d1b1,3,253424,721688
4,1688586658,1688674436,6a43729e-9db5-7d95-ef73-9bb363b07972,3,253424,721687
1,1688586658,1688674436,cee1c946-7486-16fb-e9cb-d84bed13c1fa,3,253424,721686
9,1688586658,1688674436,a16d9d4e-e7ca-a48b-2e0c-dd017d72719e,3,253424,721685
27,1688586658,1688674436,7b2f327b-ba26-2fa1-9224-1b956049bcfa,3,253424,721684
15,1688586658,1688674436,330bcf3a-4888-a8f7-82ac-05b759e7f889,3,253424,721683
16,1688583759,1688674435,8efcc63d-674d-7e4c-f05c-11065f42a70a,1,148696,721669
7,1688583759,1688674435,86dcf772-c6ce-5003-3130-096b46b7760a,1,148696,721668
9,1688583759,1688674435,6e975e9a-45d9-595c-fd75-5e535046d6a5,3,148696,721667
17,1688583759,1688674435,2c286105-e492-d04a-8a36-f2358455040c,3,148696,721666
16,1688583759,1688674435,c08e6ffc-8017-af9d-0c3a-d6ce1e5b1702,3,148696,721665
15,1688583758,1688674435,78622a00-c8b6-867c-67dd-94aad4f1a838,3,148696,721664
27,1688583758,1688674435,b408536f-eb2f-4e41-3deb-5069dd131be6,3,148696,721663
12,1688583758,1688674435,8a3c894b-6b80-51b9-f484-8bf8bb2141e1,3,148696,721662
7,1688583758,1688674435,df66655a-453e-7fdf-7d61-d0a720452c9b,3,148696,721661
3,1688583758,1688674435,a26a7339-d855-33f0-62d2-972c65741cc2,3,148696,721660
2,1688583758,1688674435,2e514a48-bc9b-59e9-384b-060e83bb75f7,3,148696,721659
3,1688586782,1688674423,b9427d19-c986-50fe-a0f6-e2681c1bbeae,2,218213,721708
2,1688586782,1688674423,c482141d-04be-a196-d1de-f45aca0374f4,2,218213,721707
15,1688649566,1688674414,27e227f6-35d9-5afe-4da6-c958ce635c01,3,57853,721744
7,1688655268,1688674408,815d70b1-0473-2782-6d8c-11e8e29f52ba,3,255694,721763
24,1688655296,1688674344,cdc7ca28-10b4-36af-803f-ee3b7cf56fd1,2,255695,721786
24,1688655296,1688674344,028d6f84-e8e9-c2e5-610d-18db304dbb33,3,255695,721785
22,1688655296,1688674344,fd1fcd13-643d-ca8a-26df-a359b262ea95,2,255695,721784
22,1688655296,1688674344,ae9adf3b-2e4a-15be-724c-555e9e30f3a1,3,255695,721783
20,1688655296,1688674344,391eaa64-7350-f022-a78d-34b419ca7fa7,2,255695,721782
20,1688655296,1688674344,62307e92-71f0-4130-1299-b79e37f168af,3,255695,721781
19,1688655296,1688674344,11405930-558e-63c4-7239-7da094c8da21,2,255695,721780
19,1688655296,1688674344,dce1b9df-0343-60d4-c1d5-63e25598bf60,3,255695,721779
16,1688655296,1688674344,f1fad741-234e-4f5c-189b-fde1b269276a,2,255695,721778
16,1688655296,1688674344,1a6bc4d5-d94e-50c8-d92c-309f2c23808d,3,255695,721777
2,1688655296,1688674344,b4e34436-5e5c-b203-2a70-e91ef76b3ea4,2,255695,721776
2,1688655296,1688674344,ed334760-3198-c675-10d8-6687df60518b,3,255695,721775
9,1688655296,1688674344,6404762e-f67f-2967-b91c-ad54b49497a2,2,255695,721774
9,1688655296,1688674344,af725326-3139-89f9-5e20-b25823dadbdd,3,255695,721773
27,1688655296,1688674344,50844a21-cf2d-2969-c0c6-0fabc8c65510,2,255695,721772
27,1688655296,1688674344,839a2410-4b6c-7020-a0d2-409b47dcf117,3,255695,721771
15,1688655296,1688674344,d7582908-1634-e305-1040-5ac99064a27c,2,255695,721770
15,1688655296,1688674344,d9bc5899-5e52-23db-7d30-aef61c18496a,3,255695,721769
12,1688655296,1688674344,674757bd-70c9-00a1-bc77-4f8b7e81e9f8,2,255695,721768
12,1688655295,1688674344,b8ad8db6-5c45-c296-2e38-73b7270b8e5b,3,255695,721767
7,1688655295,1688674344,2e34c7cd-2d38-821f-0f1d-982b188e7364,2,255695,721766
7,1688655295,1688674344,34fc2e16-3258-f4bb-2596-5d60bf39f658,1,255695,721765
7,1688655295,1688674344,971e0132-4125-9f37-6d87-b52ec92fc1d3,3,255695,721764
7,1688655361,1688674329,4af2e33c-64d5-8b5a-1082-661bd766ca35,2,255696,721789
7,1688655361,1688674329,2f834472-b4c9-0ffc-49d2-f4cf90194754,3,255696,721788
7,1688655456,1688674308,8fd2e087-b7b2-831d-8458-8f6279286e99,2,255697,721792
7,1688655456,1688674308,4ed6786c-8d91-8a7a-498e-82a928920343,1,255697,721791
7,1688655456,1688674308,352a549c-5343-5dae-5959-e5f6dda1f093,3,255697,721790
26,1688655570,1688674299,22352dd5-988f-c98c-9d53-acaac92059ef,1,255698,721819
28,1688655570,1688674299,4a4926a8-aec2-6021-ebb4-6bb9e4c24dcc,1,255698,721818
24,1688655570,1688674299,0e444026-a4c8-4dbf-9060-deea9a44840f,1,255698,721817
3,1688655570,1688674299,0757980e-09b9-a3fa-8dc5-3f96f3ba8ff7,1,255698,721816
25,1688655570,1688674299,fe99bd95-abf5-cee5-3aee-b1d24e19059a,1,255698,721815
23,1688655570,1688674299,466d910c-6f39-914a-5ec0-5b9b9a728a29,1,255698,721814
2,1688655570,1688674299,9543e73b-cdfe-5661-8a08-de41af38ea3f,1,255698,721813
22,1688655570,1688674299,4c30ed9c-c15a-9a95-90f0-94ba0340a918,1,255698,721812
20,1688655570,1688674299,d64faa4e-c780-2a5a-8990-15492d3ed001,1,255698,721811
21,1688655570,1688674299,5e3dbc1b-56f2-3919-4f06-277ba8e44a9c,1,255698,721810
19,1688655570,1688674299,7df0f880-8e3e-7406-d634-4cfc5c57cbb1,1,255698,721809
18,1688655570,1688674299,9a8734ac-156e-a348-6d30-09ae2e2b2119,1,255698,721808
17,1688655570,1688674299,cc758fdd-9682-94d1-c85b-4de099f43968,1,255698,721807
16,1688655570,1688674299,ef3905fe-41c1-0338-9e60-54a9f9a2eed3,1,255698,721806
14,1688655570,1688674299,1d218bf3-e688-f69e-1164-62e28e49776b,1,255698,721805
11,1688655570,1688674299,4ed5699b-c2d0-dc47-60fd-3eb0d1f75530,1,255698,721804
6,1688655570,1688674299,6e6f8e07-f6ae-48d8-11a3-76a429c9db9e,1,255698,721803
5,1688655570,1688674299,a069c88e-7f37-d1c0-2f41-3f7c8be29c54,1,255698,721802
4,1688655570,1688674299,408cfc09-c935-8411-a2d2-042b94c7b19f,1,255698,721801
1,1688655570,1688674299,99da70ad-ff6e-51a4-0236-6803103f1940,1,255698,721800
9,1688655570,1688674299,3bce7aed-1c6f-84c2-9830-47a397e100c4,1,255698,721799
27,1688655570,1688674299,6ccb2cc4-1a8d-19da-8a81-ae79d669e218,1,255698,721798
15,1688655570,1688674299,f97781a6-a5f4-5665-2fbb-29f84c07ac44,1,255698,721797
12,1688655570,1688674299,8bbe4703-4bfb-0c5b-be4b-bf0cac2a990d,1,255698,721796
7,1688655570,1688674299,dd26094b-3ef8-2324-0a33-ed5edb6e2b04,1,255698,721795
7,1688655570,1688674299,ea6469ad-9067-2f0c-6982-5b4b58bac4f6,3,255698,721794
26,1688655592,1688674287,f5f212ee-ca05-5114-1625-404467e73b9d,1,255699,721845
28,1688655592,1688674287,d9c46c74-f583-2f17-57f9-4e252c4a905d,1,255699,721844
24,1688655592,1688674287,f21f9bb1-977c-03c6-1a86-b36b121773a8,1,255699,721843
3,1688655592,1688674287,723afe56-bc4b-ed73-8380-ec866fdedfc1,1,255699,721842
25,1688655592,1688674287,08ce5380-2245-c9a7-e360-bebe3ed4ebce,1,255699,721841
23,1688655592,1688674287,0ae1680f-d3b5-7240-3d5c-97eb868be52a,1,255699,721840
2,1688655592,1688674287,630e97de-21a0-fc6f-57d5-0058dfb99a06,1,255699,721839
22,1688655592,1688674287,84eee338-e25d-82fe-37c6-c7f2781685e9,1,255699,721838
20,1688655592,1688674287,99cd2a1c-2a0c-4da2-6d78-7ca508501842,1,255699,721837
21,1688655592,1688674287,2dff3bfb-c9da-e541-bae5-df505c5ecdd5,1,255699,721836
19,1688655592,1688674287,e5794e7d-fe79-d960-768f-fc5df5c73762,1,255699,721835
18,1688655592,1688674287,331d4504-8299-3c5c-d620-f4041bd47f82,1,255699,721834
17,1688655592,1688674287,e1998369-0005-1d5e-eb43-05b50dbe20db,1,255699,721833
16,1688655592,1688674287,6613b1bd-4d30-9fa8-37a1-c5fea38ac4b6,1,255699,721832
14,1688655592,1688674287,1bec637b-3dad-18f7-74e5-df200a3f37ad,1,255699,721831
11,1688655592,1688674287,d7929dc9-d2bc-6518-9553-de81f672f4cc,1,255699,721830
6,1688655592,1688674287,4bf1b4e4-bc2d-b0ef-e28d-9906cb0c9e9b,1,255699,721829
5,1688655592,1688674287,b53d997e-7e08-4c7c-f92d-cd316194c2c8,1,255699,721828
4,1688655592,1688674287,4bbd1637-e8a1-e6fc-e878-389b9e49b09a,1,255699,721827
1,1688655592,1688674287,04ad667e-ae7b-d346-9bfb-d34768c269cf,1,255699,721826
9,1688655592,1688674287,6850c5b9-a36e-9988-d142-27e69fc90d9c,1,255699,721825
27,1688655592,1688674287,3946787f-c10d-607a-2b23-4f8c7f39d64d,1,255699,721824
15,1688655592,1688674287,61c9bbea-ce19-3e69-4516-3cab02be8ed5,1,255699,721823
12,1688655592,1688674287,8e619d8e-e50e-9e4b-d288-f2f1a6695fe8,1,255699,721822
7,1688655592,1688674287,3d7af6c5-ba91-361a-583a-1577b421a12a,1,255699,721821
7,1688655591,1688674287,557d28a7-83af-a508-2d23-5d2e9f49b065,3,255699,721820
13,1688557840,1688674286,d1362de9-50fe-6091-739e-b0a8ee6d24da,3,254034,721630
26,1688557840,1688674286,c32ae2d2-b433-98e7-21f5-48d6512433fc,3,254034,721629
28,1688557840,1688674286,bc5faaab-2613-198d-45fa-f9bd7243cb55,3,254034,721628
24,1688557840,1688674286,c4182d30-9003-f733-5843-2bc970610bd8,3,254034,721627
3,1688557840,1688674286,333c59f6-da0c-66a5-f6ef-eccce67f9590,3,254034,721626
25,1688557840,1688674286,64464c04-98e8-6f40-cdbf-ce520ab8c9f2,3,254034,721625
23,1688557839,1688674286,e26f41d1-c1db-d926-467b-272c94846ff8,3,254034,721624
2,1688557839,1688674286,9bbbe886-236a-e722-5920-fa8ae3dc0082,3,254034,721623
22,1688557839,1688674286,5902d9df-5ee7-5757-6801-726fba8f5a1f,3,254034,721622
20,1688557839,1688674286,446e5f39-49a0-e5fb-7cc9-51b6ae031249,3,254034,721621
21,1688557839,1688674286,6c8e9a34-e45d-7e26-a6c5-db2bb6001f69,3,254034,721620
19,1688557839,1688674286,e33b4300-2bea-fe07-ad7a-ebd77e3b323a,3,254034,721619
18,1688557839,1688674286,e76b77bc-7d34-bd20-b631-68c67d7832d4,3,254034,721618
17,1688557839,1688674286,f8990ccc-4f3d-43ff-4d06-33d44507fe6b,3,254034,721617
16,1688557839,1688674286,e9338026-acb1-8178-ce3f-e6f30344acbe,3,254034,721616
14,1688557839,1688674286,c10b96d9-340f-f88c-e087-d04f0030b306,3,254034,721615
11,1688557839,1688674286,c7ac020b-5c09-70b7-87ff-66d8637e0270,3,254034,721614
6,1688557839,1688674286,cac9f6bd-c16f-66d8-e673-d36a65fb2d7b,3,254034,721613
5,1688557839,1688674286,a5dea803-72ab-fe98-665a-dce710450934,3,254034,721612
4,1688557839,1688674286,af9e222f-2f1b-61df-7a78-4be23884e736,3,254034,721611
1,1688557839,1688674286,a534b558-1c02-ecda-5e4d-e9fbf19d5ed6,3,254034,721610
9,1688557839,1688674286,410f47fa-48ae-6006-a8fb-14e196de8d04,3,254034,721609
27,1688557839,1688674286,e163a522-1ce0-bf81-5014-8ff2b40bf33a,3,254034,721608
15,1688557839,1688674286,0b219233-712f-a617-8bb4-b24355648f3d,3,254034,721607
7,1688655638,1688674274,fcf22fba-732d-0878-8e00-ce439b8cbde5,2,255081,721848
7,1688655638,1688674274,827f9414-2c16-acfb-53bd-cdf6e4de3f6a,1,255081,721847
7,1688655638,1688674274,ae5d4844-589d-6cc2-4404-e771097ebae0,3,255081,721846
7,1688655787,1688674267,9e0d7b9b-4bb9-4ed8-8b58-0e10c34e5a95,3,255700,721850
3,1688485915,1688674231,02bc42c2-90cf-7f95-f3c7-1a4e07900429,2,253948,721490
3,1688485915,1688674231,e9a7e75c-5d46-6696-0d22-365ba7c0f2be,1,253948,721489
3,1688485915,1688674231,47702d95-2f59-34ad-26b2-ec90f3c34cca,3,253948,721488
22,1688391474,1688674102,b34b6ca2-2655-7582-f570-a94eb8fd9f47,3,178378,721339
7,1688655787,1688674096,3a2ca65f-ad9b-730b-fe2e-e96df868c0b1,3,255701,721851
16,1688655801,1688674085,e79d98bc-358a-ab9a-a68f-23f85b1a2e88,2,255702,721855
16,1688655801,1688674085,710e99f7-d672-9cc5-9db4-047849eb51fb,3,255702,721854
7,1688655801,1688674085,18dffdf3-44d6-c7cd-dc29-a40d16d7268e,2,255702,721853
7,1688655801,1688674085,1ae57d3f-291e-d26e-1ae6-78d77dfb35ea,3,255702,721852
7,1688655833,1688674046,bd9e13fe-4004-f6e3-0f68-fc284553d0ca,2,255703,721857
7,1688655833,1688674046,6cf48a8a-c6d1-65ad-b27b-ef5d7d95d8d9,3,255703,721856
13,1688655845,1688674008,3d6fd100-ccd1-3d11-cfe9-7cdc266f80ab,2,255704,721935
13,1688655845,1688674008,83427c7f-c0fd-9696-67f9-0e050fcb020c,1,255704,721934
13,1688655845,1688674008,6c3ae296-57d0-26f8-d1b4-77db29f60832,3,255704,721933
16,1688655845,1688674008,0380726c-ac88-6e54-48a3-72f898889c97,2,255704,721932
16,1688655844,1688674008,7c9f0366-75a3-e268-3cd3-199b44ade677,1,255704,721931
16,1688655844,1688674008,8864de9e-4589-bb2c-b042-5dca2912a8c2,3,255704,721930
23,1688655844,1688674008,68c3cdcd-a5d9-d30e-2575-43eff6c88ce7,2,255704,721929
23,1688655844,1688674008,98a419c4-2ea9-e1e4-f155-d0740cf7ace3,1,255704,721928
23,1688655844,1688674008,5d78490d-eaa0-976f-c795-038f280f2c8e,3,255704,721927
4,1688655844,1688674008,0fc3bdb3-4dbc-629f-d444-c06e60b106c5,2,255704,721926
4,1688655844,1688674008,42070057-c2ad-dbad-e3ae-a2a51ecee1fe,1,255704,721925
4,1688655844,1688674008,b1e08433-5140-ae7e-108f-82698556bf81,3,255704,721924
11,1688655844,1688674008,694b0516-681e-2632-6047-511b607f4bff,2,255704,721923
11,1688655844,1688674008,1c11b36f-f5ef-1783-2a08-25ee926f4cd5,1,255704,721922
11,1688655844,1688674008,ec825c25-f8de-26d4-4f2f-0851eba7fd70,3,255704,721921
28,1688655844,1688674008,9e6d3c7d-ce8f-4cb5-56a3-784b5d281e19,2,255704,721920
28,1688655844,1688674008,fd42441b-e18f-385a-c0e5-602a535e973e,1,255704,721919
28,1688655844,1688674008,a24cc8ee-cd4b-3376-0286-c18a5a2dc4b9,3,255704,721918
24,1688655844,1688674008,a51cf8fd-e53a-3197-41fa-2d049f3b6492,2,255704,721917
24,1688655844,1688674008,e2289ff3-65ab-7462-3cd3-2c38003e9c20,1,255704,721916
24,1688655844,1688674008,67964889-b360-cd24-db65-f76ad5ec17af,3,255704,721915
25,1688655844,1688674008,11a85c02-143a-fbc6-f03e-e26c16fc8d1c,2,255704,721914
25,1688655844,1688674008,96e85ba0-a910-8e19-4796-c56b4d8d1437,1,255704,721913
25,1688655844,1688674008,75711e3b-aeaa-a4f2-26a5-977712b2b882,3,255704,721912
22,1688655844,1688674008,a95f2be0-b2ff-b118-ebe4-b6421161bad7,2,255704,721911
22,1688655844,1688674008,781ec359-8929-d218-9329-0ceeac5685cc,1,255704,721910
22,1688655844,1688674008,6cd41950-0c31-c398-f64f-78dddccc27e6,3,255704,721909
20,1688655844,1688674007,7987aa43-489d-ec75-ac9a-6846548f5ae0,2,255704,721908
20,1688655844,1688674007,552b9d5d-5b9f-cbe4-8586-11de15cc98d7,1,255704,721907
20,1688655844,1688674007,ae527551-11c4-ced5-7542-120e3b654998,3,255704,721906
19,1688655844,1688674007,4ed00b0d-6162-8567-18e4-7a149e933a48,2,255704,721905
19,1688655844,1688674007,640e1b1b-24b5-738b-4122-5ce551c66bde,1,255704,721904
19,1688655844,1688674007,db3496f4-b11a-d480-e592-84a2fbd240f6,3,255704,721903
18,1688655844,1688674007,238c0bbe-41ac-cdba-54f9-6f01dfef5756,2,255704,721902
18,1688655844,1688674007,7e616ad0-98cf-a4c8-ab7b-35e744ba7031,1,255704,721901
18,1688655844,1688674007,9bfe1469-ef1e-872c-40d4-f27358802649,3,255704,721900
6,1688655844,1688674007,6b9be03b-bfca-eb42-0b6a-85996b4ac538,2,255704,721899
6,1688655844,1688674007,5ebe6680-9a90-391a-f065-84fba3320a4e,1,255704,721898
6,1688655844,1688674007,0cdd9c33-a8f7-913e-3cd3-c2578e7584dc,3,255704,721897
17,1688655844,1688674007,f4fb9380-21aa-0730-b7ef-bae05f146539,2,255704,721896
17,1688655844,1688674007,65a27970-19d4-77d3-ec99-188e6209733c,1,255704,721895
17,1688655844,1688674007,d27dcdea-3d11-ff2d-3cf0-ecf047169444,3,255704,721894
2,1688655844,1688674007,26f5aa40-af34-e4b8-13af-a1dfb144eb07,2,255704,721893
2,1688655844,1688674007,39ac58e3-f727-f446-5f7d-ee5e3f600362,1,255704,721892
2,1688655844,1688674007,ab27927e-2ab7-54ed-bae0-f8f33affcc00,3,255704,721891
3,1688655844,1688674007,a007c907-a97e-7fd5-1858-8a23d0630f93,2,255704,721890
3,1688655844,1688674007,26551bd1-b733-d6a2-b6f1-bd14a7188e42,1,255704,721889
3,1688655844,1688674007,7e8f6d70-a34c-081d-3ed3-4df334cdb6c7,3,255704,721888
5,1688655844,1688674007,0addcb04-80f1-b488-b118-89128c5efd35,2,255704,721887
5,1688655844,1688674007,14dcf118-0611-6028-755e-edc5b68c846d,1,255704,721886
5,1688655844,1688674007,aa73833f-732f-ab73-7cd9-ad0a2eac3ff5,3,255704,721885
26,1688655844,1688674007,715c929c-1dfb-6661-9d99-1b380a000d50,2,255704,721884
26,1688655844,1688674007,b48a200a-827c-0873-3b83-6889a796f79e,1,255704,721883
26,1688655844,1688674007,1fb110d9-4d35-309a-1b32-98ee5c0ee6e5,3,255704,721882
14,1688655844,1688674007,06ae7db9-8f72-5591-3f1d-0bfb450b31a3,2,255704,721881
14,1688655844,1688674007,9de92b55-0272-9cc9-abfd-dc5394be527f,1,255704,721880
14,1688655844,1688674007,81e1be4e-223d-e423-610b-edbbc2f3517d,3,255704,721879
21,1688655844,1688674007,607eb349-508c-672f-bfd1-a51ae32c46ba,2,255704,721878
21,1688655844,1688674007,fc505fd7-5812-7979-051f-36bc58eed67f,1,255704,721877
21,1688655844,1688674007,c2ab56c6-fef6-6a4e-080b-64f9519d4b44,3,255704,721876
1,1688655844,1688674007,a670371d-ad76-e4df-10f1-f3243fd90b6b,2,255704,721875
1,1688655844,1688674007,9ddf2b7f-d20b-76ee-8432-5b1101a36a40,1,255704,721874
1,1688655844,1688674007,13abfab1-dbed-af93-bf0c-761cb60f0062,3,255704,721873
9,1688655844,1688674007,af8e7c5f-ad10-dfb1-4a46-608aa1d7a1dc,2,255704,721872
9,1688655844,1688674007,a18791da-dece-4e63-7dee-88000e51a5ef,1,255704,721871
9,1688655844,1688674007,f0a4a182-48af-0801-6b26-293b130837ad,3,255704,721870
27,1688655844,1688674007,7e4fd286-75d7-a8c5-966a-0bae604d2d31,2,255704,721869
27,1688655844,1688674007,f66d4976-e211-f12c-66ff-9fb1ac6e0fff,1,255704,721868
27,1688655844,1688674007,16f35a27-8e6c-dffb-2e6f-406b88f32b61,3,255704,721867
15,1688655844,1688674007,15b8febf-7505-7170-02a1-caf05de3d2d5,2,255704,721866
15,1688655844,1688674007,975f7e1c-9443-3e26-1abc-bb97b398cbda,1,255704,721865
15,1688655844,1688674007,c01d4da1-819a-6f29-7840-373cba154d6f,3,255704,721864
12,1688655844,1688674007,eac42d51-f0bb-1521-d77b-948767a547a6,2,255704,721863
12,1688655844,1688674007,fd3f0077-e1e6-1b08-0f71-51da93f88dc1,1,255704,721862
12,1688655844,1688674007,c2b2355a-6c65-6a5d-4afe-891962d2df09,3,255704,721861
7,1688655844,1688674007,7bd30715-4f25-ecb2-e97f-d8d63d781b16,2,255704,721860
7,1688655844,1688674007,0aa4853d-ad67-e694-f0f0-d19ec16573da,1,255704,721859
7,1688655844,1688674007,81437e06-1dfa-1204-8db6-c76886ee1103,3,255704,721858
3,1688655890,1688673966,6fc76386-cd9b-b3f5-b2d6-9bd6c98e2a4c,3,255705,721951
28,1688655890,1688673966,b1ee49b6-5352-14fe-dc69-f769eff14b8e,3,255705,721950
24,1688655890,1688673966,3bd6fa6b-e044-c02d-e2ee-fb77b15dcdfc,3,255705,721949
25,1688655890,1688673966,0b05f210-9d65-49eb-dfc2-435d8b20538c,3,255705,721948
2,1688655890,1688673966,a97894b7-2434-0474-6f2a-a9071f77e4ef,3,255705,721947
22,1688655890,1688673966,b977c934-c8ab-41e7-0f03-46a54dbf73ed,3,255705,721946
21,1688655890,1688673966,5837b5d1-bf5d-1d11-bf58-d400ef3406e9,3,255705,721945
19,1688655890,1688673966,367ae4ae-79ac-8f87-28ca-8c40c3f89a1f,3,255705,721944
17,1688655890,1688673966,8891c256-96bf-5b8d-c7a7-e145e87bedf8,3,255705,721943
16,1688655890,1688673966,8dd662fc-5bd7-ae4b-c8b0-fc1f914391f2,3,255705,721942
9,1688655890,1688673966,082d6c42-58ab-3f51-9142-9d3f36d32802,3,255705,721941
27,1688655890,1688673966,b286d923-3454-31ac-43d6-7e5cff5c27d0,3,255705,721940
15,1688655890,1688673966,e218cbb5-a2e8-2d32-fdff-0ea17777221b,3,255705,721939
12,1688655890,1688673966,60bc8c49-a8a6-a13e-3465-3e31b0a1015e,3,255705,721938
7,1688655889,1688673966,487c1d51-0f4d-8553-6582-1c6686fd3c73,3,255705,721937
16,1688655963,1688673929,149549e6-bcb4-c60b-0dd8-ab26d0889253,2,255707,721956
16,1688655963,1688673929,bf5ad21c-9950-6b99-bad9-c4bb4989d91c,1,255707,721955
16,1688655963,1688673929,613d8019-6153-7907-0265-15c369e4bc1d,3,255707,721954
7,1688655963,1688673929,530ad906-a479-e3ea-dc6e-4fc34f58c4cd,2,255707,721953
7,1688655963,1688673929,55debdde-8ce8-6e03-fc6c-67ee38316183,3,255707,721952
7,1688656005,1688673850,cdd491e2-93f4-99cb-a63a-173b759afd73,2,255708,721959
7,1688656005,1688673850,36a6cafb-4a82-78f3-38b1-de91745a2c38,1,255708,721958
7,1688656005,1688673850,9b20aa77-170d-5ffd-4a25-314b474bf509,3,255708,721957
3,1688656026,1688673776,fb45baa4-82a9-6e55-898f-f5be7f4d6e96,2,255688,721984
3,1688656026,1688673776,3ba7df03-723b-1014-f45e-d2d84bcd6682,3,255688,721983
2,1688656026,1688673776,695371f5-9c4c-7073-84ee-e28394301630,2,255688,721982
2,1688656026,1688673776,8082fcc6-5c14-77cf-c100-e5338356fc4d,3,255688,721981
22,1688656026,1688673776,0b8e090b-954d-9a3f-2211-6c92b29c8e55,2,255688,721980
22,1688656026,1688673776,841e584b-fe54-441a-9073-edf4088d25ff,3,255688,721979
21,1688656026,1688673776,ec3b7485-161f-23d1-16c4-c7e369bfa31f,2,255688,721978
21,1688656026,1688673776,1ed00da1-6071-8e98-cb31-654d5a7ff0ed,3,255688,721977
19,1688656026,1688673776,5c9e3054-3540-a5ce-a5e7-16ac0562680f,2,255688,721976
19,1688656026,1688673776,7a56300f-309e-8797-ba00-a9ab7fcdb6f3,3,255688,721975
17,1688656026,1688673776,146d17fd-03c2-2f5d-50d6-a058f181edfb,2,255688,721974
17,1688656026,1688673776,81b7188b-68ae-d256-ae69-d8fad1b7bc0e,3,255688,721973
16,1688656026,1688673776,94477b43-4dd2-1f6c-1d90-9f8845a14135,2,255688,721972
16,1688656026,1688673776,0ca639aa-de09-cd22-ef82-909d8f4bd035,3,255688,721971
9,1688656026,1688673776,952ef902-ae29-7748-4e3a-bbc1a6dd22bc,2,255688,721970
9,1688656026,1688673776,e81014f2-c64f-9a6d-2242-bf444428e745,3,255688,721969
27,1688656026,1688673776,649443ad-d98d-5d92-776f-009cc8de2a75,2,255688,721968
27,1688656026,1688673776,620b5f6c-61c8-cfdf-fffe-683b656e8167,3,255688,721967
15,1688656026,1688673776,ba8587ea-0167-18b0-0786-d7ab7b73975a,2,255688,721966
15,1688656026,1688673776,9e086da4-be19-cae9-4f76-f10acbf83a9c,3,255688,721965
12,1688656026,1688673776,1db86418-3e2f-297c-a9e3-b785909a4dc3,2,255688,721964
12,1688656026,1688673776,531e37d9-e7f2-bbc9-422c-015e22bdb0d9,3,255688,721963
7,1688656026,1688673776,22fbfa0d-33bd-ef35-a64e-a960058548b8,2,255688,721962
7,1688656026,1688673776,fe71d4b2-dd4b-095e-0d84-1be3a5d71dc7,1,255688,721961
7,1688656026,1688673776,7a98c965-391e-15d3-3a75-a34d47511c51,3,255688,721960
8,1688659600,1688673756,99090cd7-08c3-8325-3251-30be4bc26fbe,3,36258,721990
7,1688659729,1688673703,416fbd94-665f-dc80-068b-787da004c0aa,1,175879,721992
7,1688659729,1688673703,1814ad01-f0b4-4238-980e-09ad20b2fcf5,3,175879,721991
20,1688659883,1688673696,d81675c5-288d-31ad-3800-2c0a10b7eb32,2,70828,721995
16,1688659883,1688673696,3337fb88-f8a6-44e4-0669-818d42656c71,2,70828,721994
16,1688659883,1688673696,7f076ce5-1119-3b7a-4b93-d768e95141f0,3,70828,721993
8,1688660012,1688673683,f908ced9-4ace-4f99-9bf3-62af8f9e2162,2,116068,721998
8,1688660012,1688673683,6d7b2ac2-2944-cac1-49da-caf7ae742198,1,116068,721997
8,1688660012,1688673683,98e6a9cb-af1d-ea06-8214-5ea7d518a21a,3,116068,721996
8,1688660447,1688673646,02fe1f81-df44-5d2e-c821-3ffbafca8353,3,14394,722001
16,1688517316,1688673583,45499372-b695-c8ba-698f-684eb5cf3016,1,255620,721556
16,1688517316,1688673583,ee708b9d-4702-b6c6-f8a2-741f18fb0ae1,3,255620,721555
16,1688516583,1688673385,640956b1-896f-cee5-c925-99f8093285dc,3,65352,721554
16,1688515946,1688673292,e72dd192-e2fd-1f4d-0b05-020081897085,1,255619,721553
16,1688515946,1688673292,f8af3bbd-3528-66a1-ef56-047ffa08feb1,3,255619,721552
16,1688514615,1688673018,18c20f33-59bd-7ca9-71ca-88c5f6f28394,3,42012,721551
16,1688513943,1688672925,5331669c-daa9-7e06-c800-8561b2da01dc,1,194757,721550
16,1688513943,1688672925,4ec29e89-8d4f-e782-a4de-cd0d2d072781,3,194757,721549
16,1688531365,1688672687,da744033-de31-394a-687c-d4ad299bcdde,1,255630,721570
16,1688531365,1688672687,726ad3ad-be78-4546-ea23-9e0a04e9abd2,3,255630,721569
16,1688530765,1688672587,f62fc70e-dfae-ea82-d49c-78ad50fdc8bc,1,239262,721568
16,1688530765,1688672587,a8a339bc-7d06-bd5e-a26f-4d5146688a70,3,239262,721567
16,1688529286,1688672326,15fdebd2-f3bc-05c6-d709-f57644844044,3,108771,721563
7,1688511988,1688672207,1016287e-25b8-6d6b-5f6e-212e5665e395,3,193362,721547
17,1688509724,1688672122,1381f57b-325b-b5a8-223d-a6e456c8cf18,3,248654,721544
17,1688509724,1688672122,891f6d2d-a53a-1c01-4693-ad9587870ee4,2,248654,721543
16,1688411005,1688672086,1a7f7114-4554-5b60-f9a9-670e54c624b7,1,194566,721351
7,1688411005,1688672086,c441a447-cab0-d002-9056-d5d1ea36dd89,3,194566,721350
16,1688411005,1688672086,48274d22-11db-2e92-b5d9-e19de5678243,3,194566,721349
7,1688508614,1688672001,8f8a2f36-c472-5193-2b1a-59ecd68f7ca2,3,255615,721542
27,1688387778,1688671572,d24428cf-bdb4-3052-3261-dac29310e22c,3,255529,721335
27,1688387778,1688671572,784f2533-1c81-4f9d-abfe-51ff7794cf8f,2,255529,721334
27,1688387778,1688671572,8e45a506-b9e4-b3b8-6a47-6b7cb60ab170,1,255529,721333
7,1688507276,1688671530,79ac0b9a-bdd6-780d-0e06-5fac0a168fd2,3,181137,721541
7,1688518284,1688670991,8ee5f93d-fbf0-7f18-9960-9dcb36f7e39e,3,49571,721558
16,1688518284,1688670991,defcb685-a529-350e-baed-11d2a8e211c5,3,49571,721557
16,1688518821,1688670862,ce0569b9-21fe-6637-50a4-1805955af877,3,255621,721559
16,1688519554,1688670713,6a3db920-a621-c680-76e3-831ac7bdec80,3,255622,721560
16,1688520464,1688670689,1d53418a-49ba-3c68-473f-fd6c35cb268b,3,49570,721561
16,1688520982,1688670547,dedb8261-e382-595a-b2e8-e2ada970da1c,3,66157,721562
16,1688501031,1688670521,7532d84a-8615-6f73-8161-854d5de78ca3,3,43896,721532
16,1688529867,1688669920,0a892376-8dae-0657-8b86-c9a89e1e3354,3,4139,721565
7,1688529867,1688669920,2def3e64-fe3a-bb7d-e3c2-1058635b70b7,3,4139,721564
28,1688529909,1688669799,06396ba3-44f1-68c3-0f60-92405ccb77e4,2,178264,721566
27,1688498397,1688669635,b902191c-aed1-6483-b1d8-01ea9122211d,3,255606,721528
22,1688498397,1688669635,fd1b518c-9cc7-b031-601a-2c0b6ee7c503,3,255606,721527
21,1688498397,1688669635,33e60dbf-425e-9580-c2f6-217005c6cda6,3,255606,721526
19,1688498397,1688669635,17166900-8d19-3b67-5c83-42b61bdf21e8,3,255606,721525
16,1688498397,1688669635,9d9e7fad-8745-465b-197d-89f58b29a854,3,255606,721524
15,1688498397,1688669635,826e7216-ca05-6583-82ca-f9dbe7f3aa79,3,255606,721523
12,1688498397,1688669635,dd111b1b-3742-0085-a1c3-dbf6cc5c77e6,3,255606,721522
10,1688498397,1688669635,c6fc9e6c-17a4-fad5-6381-d771b0e47f04,3,255606,721521
9,1688498397,1688669635,25b95ed6-0241-4d85-fff3-ad1ee88f4b7c,3,255606,721520
7,1688498397,1688669635,709aa356-47b3-26c5-5fcf-48267594fe6d,3,255606,721519
3,1688498397,1688669635,ec27093a-bf2a-b9b3-e081-7de051feaa83,3,255606,721518
27,1688498397,1688669635,e63addbf-07a0-f0f9-ee36-791cb4fb34b2,2,255606,721517
22,1688498397,1688669635,6fa388d1-d712-f331-d8f4-e69bdc1b8ba4,2,255606,721516
21,1688498397,1688669635,b10941de-7ba8-0fc8-17b2-1e4598d98410,2,255606,721515
19,1688498396,1688669635,15301f07-86e0-a3ea-38ce-10adc4c43d6c,2,255606,721514
16,1688498396,1688669635,a5ff597e-c7e1-3b59-27ec-6285db8349cb,2,255606,721513
15,1688498396,1688669635,1af6f989-19a7-d1f0-ac64-83231eb9d54d,2,255606,721512
12,1688498396,1688669635,8797ab13-b8a0-cbc6-f3bc-ee8a868d99c6,2,255606,721511
10,1688498396,1688669635,9172f28f-03f3-5337-88f7-95cdc6de2837,2,255606,721510
9,1688498396,1688669635,70c72bd7-33e6-8d2f-5489-96c4cde0e253,2,255606,721509
7,1688498396,1688669635,93ecdba6-7410-03da-2cba-04d57b83a628,2,255606,721508
3,1688498396,1688669635,3bf94477-0f33-0cb7-d931-f9d96f121d74,2,255606,721507
27,1688498396,1688669635,a8fd7b10-151e-41eb-1982-d1ba3aadd19c,1,255606,721506
22,1688498396,1688669635,4ee014c3-4840-371c-9644-0aee75b0b24a,1,255606,721505
21,1688498396,1688669635,8eb5d4f6-0728-40d7-3c50-8f03981c3620,1,255606,721504
19,1688498396,1688669635,9230a0aa-e36d-7db3-3513-6ff46b2a588f,1,255606,721503
16,1688498396,1688669635,2085d81d-4fc5-b3a6-0222-b90028cdd819,1,255606,721502
15,1688498396,1688669635,950235cf-2de8-a42d-fe90-fefcb76c8318,1,255606,721501
12,1688498396,1688669635,02af0a44-d576-a6d7-4f03-b33c095e18a6,1,255606,721500
10,1688498396,1688669635,2f59f10f-972c-d36c-fab2-923ceb517c94,1,255606,721499
9,1688498396,1688669635,f22b9eda-59b6-be0d-4045-98771bab3dfd,1,255606,721498
7,1688498396,1688669635,65e2c6ae-a5b1-0e05-9693-6c683690c5c3,1,255606,721497
16,1688532550,1688669129,33eec9d5-23a1-7ba2-9482-45bc6b4cb9f1,3,255632,721572
7,1688532550,1688669129,e88587dd-6a68-e00b-99ce-9ae63934137b,3,255632,721571
7,1688533235,1688669087,16d88880-b767-f848-7ef1-b4764d4644ee,3,255634,721574
16,1688533235,1688669087,c9e1fa34-12a2-14a4-a79b-0fb26dfebbe6,3,255634,721573
7,1688533844,1688669039,7ebb8c49-a91b-8a02-edca-b7bd970ab0f3,3,255635,721576
16,1688533844,1688669039,e98b57a0-d4c2-ffa5-0179-a9285728b8bb,3,255635,721575
7,1688534680,1688668546,8dd31c0e-e54b-723d-43c5-4f8856de88f6,3,255637,721580
7,1688534680,1688668546,687d09ec-73e1-61a8-0008-277f1108613f,2,255637,721579
7,1688534728,1688668407,54261d41-6810-53fe-0c5f-d543e179ac97,3,255638,721583
7,1688534728,1688668407,7e576a15-f9ca-27af-6acf-26de6d4963b2,2,255638,721582
7,1688534728,1688668407,aa467429-4bc8-2cda-1bae-413f84e19dcc,1,255638,721581
10,1688489927,1688668242,f961f2d2-84ad-bb9b-f427-344537b865b3,3,134927,721496
10,1688489927,1688668242,78fb685e-60be-98fb-8e1e-c8575d31dfef,2,134927,721495
9,1688489927,1688668242,7ef276f8-8d5c-e128-5928-1fb32e03458d,3,134927,721494
9,1688489927,1688668242,1c218282-7a29-d9b5-7d2b-417f11db93b8,2,134927,721493
7,1688489927,1688668242,1d229541-d0d5-50f9-9418-307ee00c863c,3,134927,721492
7,1688489927,1688668242,8ef00b3b-6b32-d590-36a2-5d14baea3238,2,134927,721491
21,1688535855,1688668175,b6481185-f743-6ce3-3bd5-5350f1c819c4,1,172472,721585
10,1688540202,1688668038,3c5d967a-db77-b441-2235-2189eaec5bad,3,156736,721601
22,1688540202,1688668038,8dc33857-0b82-9920-8a5f-d8b4f01f86ad,3,156736,721600
10,1688540202,1688668038,ab285690-3b06-4ca0-0eb3-47dade5929e7,2,156736,721599
22,1688540202,1688668038,7145d7f5-6caf-7fbb-803e-2c1c9287a43e,2,156736,721598
20,1688544107,1688667794,b76ad1be-35a5-2c12-4387-0c280f513007,1,174590,721603
2,1688544107,1688667794,289fe842-5991-4646-1dd2-8ec1b3f0f310,1,174590,721602
7,1688548991,1688667494,9173ec25-6d37-a64e-c60a-b7166a4c6d78,2,186897,721604
7,1688484822,1688667406,29b6db86-83f3-8ebd-65cb-28436501aa44,3,255596,721487
16,1688484822,1688667406,936f9b6d-cd97-ff9d-064c-960033fdfd3d,3,255596,721486
7,1688484822,1688667406,722780b4-6e83-0ba0-0d87-6acf5537317f,2,255596,721485
16,1688484822,1688667406,e17ccbab-250f-cc7a-0bf2-165fd4406eff,2,255596,721484
7,1688549098,1688667103,36a7132b-0937-6ef7-8799-8958a0b4849e,3,255644,721605
7,1688479926,1688665572,0b9c12e1-861b-10b7-d11d-d4d800f91a6c,2,235385,721467
2,1688478563,1688665389,782a994d-48a0-e1ed-90ca-cd2e396e0b17,2,196312,721466
7,1688477902,1688665366,293eb029-d8ae-887a-6eb9-d71bd0c9f30e,2,29188,721464
16,1688477902,1688665366,e1fcceb2-5bb2-1c04-1dae-dd9b4474335d,3,29188,721463
17,1688477902,1688665366,b9355a21-2fe4-9f49-a58d-3ab5bd09d1ec,3,29188,721462
3,1688477902,1688665365,477def0a-7368-96ab-228b-bef55f4f53c4,3,29188,721461
2,1688477902,1688665365,a11ad1c3-bc60-387b-d1d6-f9695632823f,3,29188,721460
10,1688477902,1688665365,50b8ea16-c98d-73e0-ec0b-54144b0991b0,3,29188,721459
21,1688477902,1688665365,3bf7dbe1-587c-a581-9c7e-60b1822d9cbe,3,29188,721458
15,1688477902,1688665365,be49dc6d-85ef-b7fa-920a-c3bd1dbdb8ae,3,29188,721457
16,1688477901,1688665365,cf3c31c0-5842-612e-a030-c47493c66e64,2,29188,721456
2,1688477901,1688665365,bd075166-c41e-a630-b2af-24d17bfdfba0,2,29188,721455
3,1688477901,1688665365,e55f8316-9c4f-918c-1d32-065d854ac2ae,2,29188,721454
12,1688477901,1688665365,3debeb67-3699-93e9-2ab9-581fe79a5c09,2,29188,721453
27,1688477901,1688665365,a4495bec-155f-6a9e-71c3-2c992a4e8ac8,2,29188,721452
17,1688477901,1688665365,4f02a79f-1591-2708-bd18-ae254348e49c,2,29188,721451
10,1688477901,1688665365,c649548e-192f-820c-88cb-f436a73c2243,2,29188,721450
21,1688477901,1688665365,f9ebc6f3-d392-b64b-69d9-aac6bb3274ba,2,29188,721449
15,1688477901,1688665365,3e59d8d8-f612-9974-62fc-157cd209f274,2,29188,721448
12,1688477901,1688665365,ac7945ee-90c6-93c9-23c2-b2c90e460faa,3,29188,721447
27,1688477901,1688665365,b1e3bb21-e44f-a5fe-fbca-da9e73c687e6,3,29188,721446
7,1688477901,1688665304,51713905-a628-951b-4dac-0db326d94d76,3,140585,721445
7,1688477901,1688665304,c9d4f020-42ab-3274-1c2b-f095b102854c,2,140585,721444
7,1688476573,1688664924,13fde794-b454-dc3e-c39b-331c653a1d56,3,140113,721442
7,1688476573,1688664924,99f0df63-9cdd-ca2c-94d0-5636af8eefa6,2,140113,721441
7,1688651206,1688664800,c5f4dc15-589e-6850-6878-5af446a945b5,3,248750,721745
2,1688569042,1688664259,0ebb0c15-9dbe-ba76-f1c8-b691f5e40004,3,223277,721639
2,1688569042,1688664259,e126ebf1-62f2-3a2d-2fcf-a6b51b31f74d,2,223277,721638
16,1688569042,1688664259,bcb9202c-5c8c-e86c-f4d6-8e0a0efa73f7,3,223277,721637
16,1688569042,1688664259,c23246fd-adac-92dc-6faf-920ee8f89621,2,223277,721636
17,1688475870,1688664047,8b05520e-1c56-4acd-fb19-1086f5948cdc,3,255584,721440
22,1688475870,1688664047,cb87d50b-6633-adc3-0eae-d73d19abfc13,3,255584,721439
3,1688475870,1688664047,c7734df8-d548-89e6-4d09-ea0aebc6db62,3,255584,721438
2,1688475870,1688664047,2ceaf511-a08d-c7c3-f526-446b185edc96,3,255584,721437
16,1688475870,1688664047,05bd99c5-71a7-77b1-21ea-2937f0636432,3,255584,721436
10,1688475870,1688664047,9a0b8788-3ee5-9c6c-0b6e-da2fa61f9fd2,3,255584,721435
9,1688475870,1688664047,19544df2-bf58-5fbc-d704-9dfccb814a3e,3,255584,721434
12,1688475870,1688664047,e14d9b78-297c-1c04-0c7a-4a87d16b1002,3,255584,721433
7,1688475870,1688664047,380ddd37-e145-dcf0-ce46-9c6b95e9712e,3,255584,721432
17,1688475870,1688664047,3676c7ea-ce85-f5c6-a1ff-ab89592028ca,2,255584,721431
22,1688475870,1688664047,64807a9f-8268-6add-91a2-13d0d29c3213,2,255584,721430
3,1688475870,1688664047,f943d281-47f3-b3b2-db88-349641351da5,2,255584,721429
2,1688475870,1688664047,addebf40-ebad-49bf-26a9-daf4ca092537,2,255584,721428
16,1688475870,1688664047,e275c517-c35d-6f22-6dc1-054ab05c16bf,2,255584,721427
10,1688475870,1688664047,b681ca1f-c027-1d8b-52a5-873ed9d7b80d,2,255584,721426
9,1688475870,1688664047,18470eec-dad4-cff4-06f4-12e875e22f91,2,255584,721425
12,1688475870,1688664047,83d0f0d0-21f8-68c4-8452-1c2d4be1452a,2,255584,721424
7,1688475870,1688664047,2bd7d7c4-a7d3-5e25-2931-6c8ba301a3e9,2,255584,721423
7,1688475870,1688664047,dafacee0-55d9-9b43-2e92-10b1da0c7748,1,255584,721422
3,1688471341,1688663297,017b6ee9-9d97-954b-f6d3-292721cbc007,3,255582,721421
2,1688471341,1688663297,c2e087c3-e6a3-3014-e793-5a28de52da49,3,255582,721420
16,1688471341,1688663297,7f49a0f0-1d0c-fb5f-2577-1971cb76180e,3,255582,721419
7,1688471341,1688663297,51bbdc67-ed55-bbb6-4878-bcbacff48eb5,3,255582,721418
16,1688471341,1688663297,550e04ec-c712-7f93-9e76-529d7218686d,2,255582,721417
7,1688471341,1688663297,1b2eba74-2571-ae09-b79c-3c434ad0893f,2,255582,721416
7,1688470198,1688663138,3d5f4686-c6b4-eb08-d437-30fa48d37b0a,3,220206,721415
7,1688575443,1688663128,e84e7c01-8b08-7c4b-4322-83ff4756d2aa,1,248558,721651
7,1688469943,1688662820,dff21146-4c07-cee1-d2a7-ef465cb7deae,3,174853,721414
7,1688465218,1688662439,58b92bc4-a56e-1e3b-8527-642f2cea3827,3,255580,721413
7,1688465218,1688662439,952f3057-11f1-744f-a05d-36aa2182deab,2,255580,721412
12,1688463130,1688662428,a4e0ffa9-be91-16ca-c3cf-dccd99f26320,3,255578,721408
7,1688463130,1688662428,208bf247-3fee-c44f-b9bf-e040c3926616,3,255578,721407
12,1688463130,1688662428,d004b279-db3c-a3dc-dfc6-5345a24f5912,2,255578,721406
7,1688463130,1688662428,f5643f18-3497-366c-4027-d8b509de51b2,2,255578,721405
7,1688464377,1688662310,521d0270-3acd-030e-ae7a-549faed86113,3,212295,721411
7,1688464377,1688662310,1356145b-8b38-ff58-6c86-9789c8a43bb0,2,212295,721410
7,1688583397,1688662240,148d1072-7cea-bdde-f9bc-30a27430d15e,3,255664,721658
21,1688598243,1688661843,773c8a33-6156-95ac-a79a-22a9fe4e0ea1,1,255668,721711
21,1688598243,1688661843,09335693-fbd3-7734-5b37-a67edb80ea07,3,255668,721710
7,1688661760,1688661830,e9625ffe-7874-73b2-f970-4c893475324e,1,255576,722006
7,1688661760,1688661830,18082613-5d19-187e-34ac-2bfac822e26c,3,255576,722005
7,1688600147,1688661798,3a6bd772-acf6-5488-605e-d8cbaa6aadba,3,255669,721712
7,1688605860,1688661638,68e8fd0f-0ac9-f757-9972-868bf94a87cb,1,255671,721716
7,1688605860,1688661638,7f4e6203-28e3-295a-a7a5-a1a38cd228d5,3,255671,721715
7,1688605860,1688661638,92ef5ac8-13a9-fd68-73ff-af73cbb67706,2,255671,721714
7,1688456071,1688661175,82c95c32-7855-46e6-8545-adbda95cf174,3,255574,721402
22,1688456071,1688661175,49b78326-817c-8873-239d-a5fe8d6eaf44,3,255574,721401
22,1688456071,1688661175,0c6a6167-9b16-8c01-96ed-0ebbf0b10297,2,255574,721400
22,1688456071,1688661175,7d9cfe34-19b7-84f2-373a-21e3cb02f74b,1,255574,721399
16,1688630643,1688658796,7f87d4ca-d1c9-90ca-e653-84a546974a62,3,192094,721720
16,1688630643,1688658796,c1098045-eaf8-2806-904f-cc28ba7825e4,2,192094,721719
16,1688630643,1688658796,bae301db-8264-cebb-3d05-723a366eabbf,1,192094,721718
7,1688431922,1688658502,d6b1ae74-abef-c0dc-7e50-ff31463babe9,3,255561,721394
7,1688431922,1688658502,c42a78c1-ffde-610e-3436-bef6dadb8801,2,255561,721393
7,1688431922,1688658502,9dafb1ea-0043-f4e0-cde5-f98d59a36aba,1,255561,721392
7,1688431521,1688658426,e81fc9d0-da1d-db02-2640-4d82cd2317aa,3,130894,721391
7,1688431521,1688658426,13a09b49-acf3-deaf-1b17-720e1b14f012,2,130894,721390
9,1688430408,1688657773,62d7e310-8b46-bde6-a37d-59bcd6e8a63b,3,255557,721389
9,1688430408,1688657773,a5011414-aef2-62c1-f282-fd9cba89466f,2,255557,721388
7,1688427160,1688657308,db8cbc76-36db-a0ad-60b2-2204cad2b4dc,3,255554,721384
7,1688427160,1688657308,0840589b-950b-9cf2-f545-204a3fbb1e53,2,255554,721383
7,1688647074,1688656667,2b375f37-43d1-5bc8-aa4e-742bc824abab,3,255686,721743
7,1688647074,1688656667,6f28fdb2-4598-da53-ae30-01e220f599fb,2,255686,721742
